<!--
/*
 * $Id: docs.xml 821108 2009-10-02 17:34:59Z wesw $
 *
 * Licensed to the Apache Software Foundation (ASF) under one
 * or more contributor license agreements.  See the NOTICE file
 * distributed with this work for additional information
 * regarding copyright ownership.  The ASF licenses this file
 * to you under the Apache License, Version 2.0 (the
 * "License"); you may not use this file except in compliance
 * with the License.  You may obtain a copy of the License at
 *
 *  http://www.apache.org/licenses/LICENSE-2.0
 *
 * Unless required by applicable law or agreed to in writing,
 * software distributed under the License is distributed on an
 * "AS IS" BASIS, WITHOUT WARRANTIES OR CONDITIONS OF ANY
 * KIND, either express or implied.  See the License for the
 * specific language governing permissions and limitations
 * under the License.
 */
-->

<assembly>
  <id>docs</id>
  <formats>
    <format>zip</format>
  </formats>
  <fileSets>

    <!-- Include the XWork Javadoc in the assembly -->
    <fileSet>
      <directory>target/xwork-apidocs</directory>
      <outputDirectory>docs/xwork-apidocs</outputDirectory>
    </fileSet>

      <!-- Include the website in the assembly -->
      <fileSet>
        <directory>../target/site</directory>
        <outputDirectory>docs</outputDirectory>
      </fileSet>
      <fileSet>
        <directory>../api/target/site</directory>
        <outputDirectory>docs/struts2-api</outputDirectory>
      </fileSet>
      <fileSet>
        <directory>../core/target/site</directory>
        <outputDirectory>docs/struts2-core</outputDirectory>
      </fileSet>

      <!-- Include the Confluence docs in the assembly -->
      <fileSet>
        <directory>target/cwiki/WW</directory>
        <outputDirectory>docs/docs</outputDirectory>
      </fileSet>

      <!-- Plugins -->
      <fileSet>
        <directory>../plugins/codebehind/target/site</directory>
        <outputDirectory>docs/struts2-plugins/struts2-codebehind-plugin</outputDirectory>
      </fileSet>
      <fileSet>
        <directory>../plugins/config-browser/target/site</directory>
        <outputDirectory>docs/struts2-plugins/struts2-config-browser-plugin</outputDirectory>
      </fileSet>
      <fileSet>
        <directory>../plugins/dojo/target/site</directory>
        <outputDirectory>docs/struts2-plugins/struts2-dojo-plugin</outputDirectory>
      </fileSet>
      <fileSet>
        <directory>../plugins/dojo/target/site</directory>
        <outputDirectory>docs/struts2-plugins/struts2-dwr-plugin</outputDirectory>
      </fileSet>
      <fileSet>
        <directory>../plugins/jasperreports/target/site</directory>
        <outputDirectory>docs/struts2-plugins/struts2-jasperreports-plugin</outputDirectory>
      </fileSet>
      <fileSet>
        <directory>../plugins/jfreechart/target/site</directory>
        <outputDirectory>docs/struts2-plugins/struts2-jfreechart-plugin</outputDirectory>
      </fileSet>
      <fileSet>
        <directory>../plugins/jsf/target/site</directory>
        <outputDirectory>docs/struts2-plugins/struts2-jsf-plugin</outputDirectory>
      </fileSet>
      <fileSet>
        <directory>../plugins/junit/target/site</directory>
        <outputDirectory>docs/struts2-plugins/struts2-junit-plugin</outputDirectory>
      </fileSet>
      <fileSet>
        <directory>../plugins/pell-multipart/target/site</directory>
        <outputDirectory>docs/struts2-plugins/struts2-pell-multipart-plugin</outputDirectory>
      </fileSet>
      <fileSet>
        <directory>../plugins/plexus/target/site</directory>
        <outputDirectory>docs/struts2-plugins/struts2-plexus-plugin</outputDirectory>
      </fileSet>
      <fileSet>
        <directory>../plugins/portlet/target/site</directory>
        <outputDirectory>docs/struts2-plugins/struts2-portlet-plugin</outputDirectory>
      </fileSet>
      <fileSet>
        <directory>../plugins/rest/target/site</directory>
        <outputDirectory>docs/struts2-plugins/struts2-rest-plugin</outputDirectory>
      </fileSet>
      <fileSet>
        <directory>../plugins/struts1/target/site</directory>
        <outputDirectory>docs/struts2-plugins/struts2-struts1-plugin</outputDirectory>
      </fileSet>
      <fileSet>
        <directory>../plugins/sitegraph/target/site</directory>
        <outputDirectory>docs/struts2-plugins/struts2-sitegraph-plugin</outputDirectory>
      </fileSet>
      <fileSet>
        <directory>../plugins/spring/target/site</directory>
        <outputDirectory>docs/struts2-plugins/struts2-spring-plugin</outputDirectory>
      </fileSet>
      <fileSet>
        <directory>../plugins/sitemesh/target/site</directory>
        <outputDirectory>docs/struts2-plugins/struts2-sitemesh-plugin</outputDirectory>
      </fileSet>
      <fileSet>
        <directory>../plugins/testng/target/site</directory>
        <outputDirectory>docs/struts2-plugins/struts2-testng-plugin</outputDirectory>
      </fileSet>
      <fileSet>
        <directory>../plugins/tiles/target/site</directory>
        <outputDirectory>docs/struts2-plugins/struts2-tiles-plugin</outputDirectory>
      </fileSet>
      <fileSet>
        <directory>../plugins/oval/target/site</directory>
        <outputDirectory>docs/struts2-plugins/struts2-oval-plugin</outputDirectory>
      </fileSet>
      <fileSet>
        <directory>../plugins/osgi/target/site</directory>
        <outputDirectory>docs/struts2-plugins/struts2-osgi-plugin</outputDirectory>
      </fileSet>
      <fileSet>
        <directory>../plugins/json/target/site</directory>
        <outputDirectory>docs/struts2-plugins/struts2-json-plugin</outputDirectory>
      </fileSet>
      <fileSet>
        <directory>../plugins/embeddedjsp/target/site</directory>
        <outputDirectory>docs/struts2-plugins/struts2-embeddedjsp-plugin</outputDirectory>
      </fileSet>

  </fileSets>
</assembly>
